Primary Text,Headline,Description,Link,CTA
"My DMs are blowing up over one thing… and it’s not me. 👀
6,642 reviews. 4.7⭐. The lemon that TikTok can’t stop talking about. 🍋
Spot her once, and you’ll never forget her.",🍋 The Lemon Everyone’s Talking About,No wonder they're always sold out. ,https://www.we-heart.com/2025/09/12/my-dms-are-exploding-right-now/,Learn more
"This little yellow secret has more hype than my entire feed.
✔ 6,642 reviews
✔ 4.7/5 rating
✔ Glamour, VICE, Betches approved
It’s not just hype. It’s her.",Not Me. It’s Her. 🍋,,,
"“Not me pausing to zoom in 👀”
“THE LEMON!!”
“OMG I knew I recognized that shape!”
It’s wild… she’s become instantly recognizable.",🍋 They're So Good. You'll Scream. ,,,
"Proof straight from my group chat:
“Good lord. I used the lemon. I may never recover.”
If you’ve seen her all over TikTok and wondered if the hype is real… trust the reviews. Trust the texts. Trust the screams.",She’s TikTok Famous 🍋✨,,,
"She wasn’t even the topic of my video… but the second she showed up on my nightstand, the comments went wild. 🔥
“OMG is that Nancy?!”
“Girl you casually have THE lemon??”
Yeah… she’s that recognizable.","🍋 6,642 People Can’t Be Wrong",,,